Loss 1,Loss 2,Step size
0.020355980843305588,0.024152645841240883,0.04
