Loss 1,Loss 2,Loss 3,Step size
0.0006945679779164493,0.002108567161485553,0.005635742098093033,0.2
